"ID","post_title","slug","post_status","post_date","price","year","mileage","fuel_type","transmission","vin","color","vehicle_condition","engine_size","doors","seats","drive_type","address","gallery_urls","taxonomies"
"8166","Auto Draft",,"auto-draft","2026-08-28 05:28:01",NULL,NULL,NULL,NULL,NULL,NULL,NULL,NULL,NULL,NULL,NULL,NULL,NULL,NULL,NULL
"7447","Macan","7447","publish","2026-01-15 05:49:55","42606.64",NULL,"18000","78","47",NULL,"a:1:{i:0;i:510;}","147","0cc","28","5 passengers.","41","USS Tokyo","a:5:{i:7453;s:67:\"https://zafautosjapan.com/wp-content/uploads/2026/01/ImgGet-5-1.jpg\";i:7452;s:67:\"https://zafautosjapan.com/wp-content/uploads/2026/01/ImgGet-4-1.jpg\";i:7451;s:67:\"https://zafautosjapan.com/wp-content/uploads/2026/01/ImgGet-3-1.jpg\";i:7450;s:67:\"https://zafautosjapan.com/wp-content/uploads/2026/01/ImgGet-2-1.jpg\";i:7449;s:67:\"https://zafautosjapan.com/wp-content/uploads/2026/01/ImgGet-1-1.jpg\";}","4 | 4 Doors | Africa | Air Conditioner | All-Wheel Drive (AWD/4WD) | Alloy Wheels | Asia | Audi | Australia | Austria | Automatic | Cambodia | Canada | Car | Electric | Europe | Gensha | Ghana | Great Price | Japan | Leather Seats | Navigation | Oceania | Pakistan | Power Steering | Power Window | Premium Cars | R6 | South Africa | SUV | United Arab Emirates | United Kingdom | Used"
"7435","Audi Q2","audi-q2","publish","2025-01-13 07:30:13",NULL,"2020","2000","432","47","SA034346","a:1:{i:0;i:50;}","147","1500cc","28",NULL,"84",NULL,"a:8:{i:7443;s:68:\"https://zafautosjapan.com/wp-content/uploads/2026/01/F753306577r.jpg\";i:7442;s:68:\"https://zafautosjapan.com/wp-content/uploads/2026/01/F753306577i.jpg\";i:7441;s:70:\"https://zafautosjapan.com/wp-content/uploads/2026/01/F753306577sp1.jpg\";i:7440;s:70:\"https://zafautosjapan.com/wp-content/uploads/2026/01/F753306577sp3.jpg\";i:7439;s:70:\"https://zafautosjapan.com/wp-content/uploads/2026/01/F753306577sp2.jpg\";i:7438;s:70:\"https://zafautosjapan.com/wp-content/uploads/2026/01/F753306577sp5.jpg\";i:7437;s:70:\"https://zafautosjapan.com/wp-content/uploads/2026/01/F753306577sp4.jpg\";i:7436;s:70:\"https://zafautosjapan.com/wp-content/uploads/2026/01/F753306577sp6.jpg\";}","4 | 4 Doors | Africa | Air Conditioner | Airbag | Anti-lock Braking | Asia | Audi | Australia | Austria | Automatic | Black | Buy | Cambodia | Canada | Car | Europe | Front-Wheel Drive | GADPC | Gas | Ghana | Great Price | Instruction Manual Maintenance Manual | Japan | Low Mileage Cars | New Arrivals | Oceania | Pakistan | Power Steering | Power Window | South Africa | SUV | United Arab Emirates | United Kingdom | Used"
"7416","A3 Sedan","a3-sedan","publish","2025-01-13 06:36:13","20428.32","2007","1000","95","103","SA071618","a:1:{i:0;i:154;}","147","1500cc","28",NULL,"84",NULL,"a:9:{i:7434;s:68:\"https://zafautosjapan.com/wp-content/uploads/2026/01/F753605568r.jpg\";i:7433;s:70:\"https://zafautosjapan.com/wp-content/uploads/2026/01/F753605568sp2.jpg\";i:7432;s:70:\"https://zafautosjapan.com/wp-content/uploads/2026/01/F753605568sp1.jpg\";i:7431;s:68:\"https://zafautosjapan.com/wp-content/uploads/2026/01/F753605568i.jpg\";i:7430;s:70:\"https://zafautosjapan.com/wp-content/uploads/2026/01/F753605568sp5.jpg\";i:7429;s:70:\"https://zafautosjapan.com/wp-content/uploads/2026/01/F753605568sp4.jpg\";i:7428;s:70:\"https://zafautosjapan.com/wp-content/uploads/2026/01/F753605568sp3.jpg\";i:7427;s:70:\"https://zafautosjapan.com/wp-content/uploads/2026/01/F753605568sp6.jpg\";i:7425;s:70:\"https://zafautosjapan.com/wp-content/uploads/2026/01/F753605568i-1.jpg\";}","4 | 4 Doors | Africa | Air Conditioner | Airbag | Alloy Wheels | Anti-lock Braking | Asia | Audi | Australia | Austria | Cambodia | Canada | Car | Europe | Front-Wheel Drive | Ghana | Greece | GYDXD | Hong Kong | Hot Offer | Hybrid | Indonesia | Japan | Low Mileage | Manual | Oceania | Pakistan | Premium Cars | Sedan | South Africa | Television system | United Arab Emirates | United Kingdom | Used | White"
"7388","A1 Sportback","a1-sportback","publish","2025-01-11 15:40:31","18482.73","2007","5000","432",NULL,"WAUZZZGBXSR003024","a:1:{i:0;i:154;}","147","1000cc","28",NULL,NULL,NULL,"a:10:{i:7389;s:70:\"https://zafautosjapan.com/wp-content/uploads/2026/01/1568654312s-1.jpg\";i:7390;s:70:\"https://zafautosjapan.com/wp-content/uploads/2026/01/1568654312t-1.jpg\";i:7391;s:70:\"https://zafautosjapan.com/wp-content/uploads/2026/01/1568654312u-1.jpg\";i:7398;s:70:\"https://zafautosjapan.com/wp-content/uploads/2026/01/1568654312r-1.jpg\";i:7397;s:70:\"https://zafautosjapan.com/wp-content/uploads/2026/01/1568654312i-1.jpg\";i:7396;s:70:\"https://zafautosjapan.com/wp-content/uploads/2026/01/1568654312z-1.jpg\";i:7395;s:70:\"https://zafautosjapan.com/wp-content/uploads/2026/01/1568654312y-1.jpg\";i:7394;s:70:\"https://zafautosjapan.com/wp-content/uploads/2026/01/1568654312x-1.jpg\";i:7393;s:70:\"https://zafautosjapan.com/wp-content/uploads/2026/01/1568654312w-1.jpg\";i:7392;s:70:\"https://zafautosjapan.com/wp-content/uploads/2026/01/1568654312v-1.jpg\";}","3BA-GBDKL | 4 Doors | Afghanistan | Africa | Airbag | Alloy Wheels | Anti-lock Braking | Asia | Audi | Australia | Austria | Cambodia | Canada | Car | Convertible | Europe | Gas | Ghana | Japan | Low Mileage | Low Mileage Cars | Most Affordable | Navigation | New Arrivals | Oceania | Pakistan | Power Steering | Power Window | Premium Cars | Sell | South Africa | United Arab Emirates | United Kingdom | Used | White"
"7376","Hyundai Nesso","hyundai-nesso","publish","2026-01-10 09:34:32","10133.77","2003","65",NULL,NULL,"KMHJ6816UNUI015058",NULL,"147","0cc",NULL,NULL,NULL,NULL,NULL,"Africa | Air Conditioner | Albania | Asia | Australia | Austria | Brake Assist | Cambodia | Canada | Car | Convertible | Cuba | Europe | Fiji | France | Ghana | Hyundai | Japan | Leather Seats | Low Mileage | Low Mileage Cars | Most Affordable | Navigation | New Arrivals | Oceania | Pakistan | Power Door Locks | Power Steering | Power Window | Premium Cars | South Africa | United Arab Emirates | United Kingdom | Used | ZBA-FE120"
"7366","BMW 3 Series","bmw-3-series","publish","2025-01-10 09:05:43","22547.63","2007","2","432","47","08F11365","a:1:{i:0;i:51;}","147","2000cc","28",NULL,NULL,NULL,"a:8:{i:7375;s:70:\"https://zafautosjapan.com/wp-content/uploads/2026/01/F753304830sp1.jpg\";i:7374;s:68:\"https://zafautosjapan.com/wp-content/uploads/2026/01/F753304830r.jpg\";i:7373;s:68:\"https://zafautosjapan.com/wp-content/uploads/2026/01/F753304830i.jpg\";i:7372;s:70:\"https://zafautosjapan.com/wp-content/uploads/2026/01/F753304830sp2.jpg\";i:7371;s:70:\"https://zafautosjapan.com/wp-content/uploads/2026/01/F753304830sp4.jpg\";i:7370;s:70:\"https://zafautosjapan.com/wp-content/uploads/2026/01/F753304830sp3.jpg\";i:7369;s:70:\"https://zafautosjapan.com/wp-content/uploads/2026/01/F753304830sp6.jpg\";i:7368;s:70:\"https://zafautosjapan.com/wp-content/uploads/2026/01/F753304830sp5.jpg\";}","4 | 4 Doors | 5F20 | Africa | Asia | Australia | Austria | Automatic | Blue | BMW | Brazil | Bulgaria | Cambodia | Canada | Car | Chad | Chile | China | Colombia | Eritrea | Estonia | Europe | Gas | Georgia | Great Price | Japan | Kenya | Low Mileage Cars | Most Affordable | New Arrivals | Oceania | Pakistan | Premium Cars | Sedan | South Africa | United Arab Emirates | United Kingdom | Used"
"7359","BMW 2 Series","bmw-2-series","publish","2025-01-10 08:19:38","22484.29","7","4","72","437","85165","a:1:{i:0;i:50;}","147","2000cc","28",NULL,"41",NULL,"a:6:{i:7365;s:63:\"https://zafautosjapan.com/wp-content/uploads/2026/01/ImgGet.jpg\";i:7364;s:65:\"https://zafautosjapan.com/wp-content/uploads/2026/01/ImgGet-3.jpg\";i:7363;s:65:\"https://zafautosjapan.com/wp-content/uploads/2026/01/ImgGet-2.jpg\";i:7362;s:65:\"https://zafautosjapan.com/wp-content/uploads/2026/01/ImgGet-1.jpg\";i:7361;s:65:\"https://zafautosjapan.com/wp-content/uploads/2026/01/ImgGet-5.jpg\";i:7360;s:65:\"https://zafautosjapan.com/wp-content/uploads/2026/01/ImgGet-4.jpg\";}","22GF20 | 4 | 4 Doors | Africa | All-Wheel Drive (AWD/4WD) | Alloy Wheels | Asia | Australia | Azerbaijan | Belgium | Best Sellers | Black | BMW | Canada | Car | Coupe | Cuba | Diesel | Ethiopia | Europe | FAT | Ghana | Hot Deals | Japan | Leather Seats | Lebanon | Libya | Low Mileage | Low Mileage Cars | Most Affordable | Navigation | New Arrivals | Oceania | Pakistan | Power Steering | Power Window | Premium Cars | Sell | South Africa | United Arab Emirates | United Kingdom | Used"
"7346","BMW 1 Series","bmw-1-series-2","publish","2025-01-10 08:03:10","22414.62","7","6","95","437","07S19882","a:1:{i:0;i:130;}","147","2000cc","28",NULL,"84",NULL,"a:10:{i:7347;s:70:\"https://zafautosjapan.com/wp-content/uploads/2026/01/F753404363sp5.jpg\";i:7348;s:70:\"https://zafautosjapan.com/wp-content/uploads/2026/01/F753404363sp6.jpg\";i:7357;s:72:\"https://zafautosjapan.com/wp-content/uploads/2026/01/F753404363sp5-1.jpg\";i:7356;s:72:\"https://zafautosjapan.com/wp-content/uploads/2026/01/F753404363sp1-1.jpg\";i:7355;s:70:\"https://zafautosjapan.com/wp-content/uploads/2026/01/F753404363sp1.jpg\";i:7354;s:68:\"https://zafautosjapan.com/wp-content/uploads/2026/01/F753404363r.jpg\";i:7353;s:68:\"https://zafautosjapan.com/wp-content/uploads/2026/01/F753404363i.jpg\";i:7351;s:70:\"https://zafautosjapan.com/wp-content/uploads/2026/01/F753404363sp4.jpg\";i:7350;s:70:\"https://zafautosjapan.com/wp-content/uploads/2026/01/F753404363sp3.jpg\";i:7349;s:70:\"https://zafautosjapan.com/wp-content/uploads/2026/01/F753404363sp2.jpg\";}","22GF20 | 4 | 4 Doors | Africa | Air Conditioner | Alloy Wheels | Asia | Australia | Bhutan | BMW | Cambodia | Canada | Car | Driver Air Bag | Europe | FAT | France | Front-Wheel Drive | Ghana | Great Price | Hatchback | Hybrid | Japan | Leather Seats | Navigation | Oceania | Pakistan | Power Steering | Power Window | Sell | Silver | South Africa | United Arab Emirates | United Kingdom | Used"
"7283","Toyota Vellfire","toyota-vellfire","publish","2026-01-03 07:19:35","2550","2009","145798","111","47","ask for it","a:1:{i:0;i:498;}","147","2500 cc","494",NULL,"84",NULL,"a:5:{i:7245;s:85:\"https://zafautosjapan.com/wp-content/uploads/2026/01/Screenshot-2025-08-22-144113.png\";i:7246;s:85:\"https://zafautosjapan.com/wp-content/uploads/2026/01/Screenshot-2025-08-22-144117.png\";i:7247;s:85:\"https://zafautosjapan.com/wp-content/uploads/2026/01/Screenshot-2025-08-22-144122.png\";i:7243;s:85:\"https://zafautosjapan.com/wp-content/uploads/2026/01/Screenshot-2025-08-22-143908.png\";i:7242;s:85:\"https://zafautosjapan.com/wp-content/uploads/2026/01/Screenshot-2025-08-22-143901.png\";}","5 Doors | 6 | Africa | Air Conditioner | Airbag | Alloy Wheels | Anti-lock Braking | Asia | Australia | Automatic | Bluetooth | Brake Assist | Cambodia | Car | Child Safety Locks | Driver Air Bag | Fog Lights Front | Front-Wheel Drive | Ghana | Great Price | Gun metallic | Heater | Hot Deals | MPV | Navigation | Petrol | Power Door Locks | Power Steering | Power Window | R6 | Rain Sensing Wiper | South Africa | Stability Control | Television system | Thailand | Touchscreen Display | Toyota | Traction Control | United Kingdom | Used | Vanity Mirror | Windows - Electric"
"7282","Toyota belta","toyota-belta","publish","2025-01-03 07:12:10",NULL,"2011","125399","111","47","ask for it","a:1:{i:0;i:130;}","147","1300 cc","494",NULL,"84",NULL,"a:5:{i:7249;s:85:\"https://zafautosjapan.com/wp-content/uploads/2026/01/Screenshot-2025-07-31-104919.png\";i:7250;s:85:\"https://zafautosjapan.com/wp-content/uploads/2026/01/Screenshot-2025-07-31-104926.png\";i:7251;s:85:\"https://zafautosjapan.com/wp-content/uploads/2026/01/Screenshot-2025-07-31-104932.png\";i:7252;s:85:\"https://zafautosjapan.com/wp-content/uploads/2026/01/Screenshot-2025-07-31-104938.png\";i:7253;s:85:\"https://zafautosjapan.com/wp-content/uploads/2026/01/Screenshot-2025-07-31-104943.png\";}","4 | 5 Doors | Automatic | Belta | Car | Front-Wheel Drive | Petrol | Sale | Sedan | Silver | Toyota | Used"
"7280","Mazda CX-5","mazda-cx-5","publish","2025-01-03 07:05:02","13820","2022","48750","111","47","ask for it","a:1:{i:0;i:50;}","147","2000 cc","494",NULL,"84","Yokohama port, Japan","a:12:{i:7269;s:66:\"https://zafautosjapan.com/wp-content/uploads/2026/01/00220803.jpeg\";i:7267;s:66:\"https://zafautosjapan.com/wp-content/uploads/2026/01/00220801.jpeg\";i:7268;s:66:\"https://zafautosjapan.com/wp-content/uploads/2026/01/00220802.jpeg\";i:7270;s:66:\"https://zafautosjapan.com/wp-content/uploads/2026/01/00220804.jpeg\";i:7278;s:66:\"https://zafautosjapan.com/wp-content/uploads/2026/01/00220812.jpeg\";i:7277;s:66:\"https://zafautosjapan.com/wp-content/uploads/2026/01/00220811.jpeg\";i:7276;s:66:\"https://zafautosjapan.com/wp-content/uploads/2026/01/00220810.jpeg\";i:7275;s:66:\"https://zafautosjapan.com/wp-content/uploads/2026/01/00220809.jpeg\";i:7274;s:66:\"https://zafautosjapan.com/wp-content/uploads/2026/01/00220808.jpeg\";i:7273;s:66:\"https://zafautosjapan.com/wp-content/uploads/2026/01/00220807.jpeg\";i:7272;s:66:\"https://zafautosjapan.com/wp-content/uploads/2026/01/00220806.jpeg\";i:7271;s:66:\"https://zafautosjapan.com/wp-content/uploads/2026/01/00220805.jpeg\";}","4 | 5 Doors | Africa | Air Conditioner | Airbag | Alloy Wheels | Apple CarPlay | Asia | Automatic | Bhutan | Black | Bluetooth | Brake Assist | Cambodia | Car | Caribbean Netherlands | Chile | Cyprus | Czechia | Digital Odometer | Driver Air Bag | Fog Lights Front | Front-Wheel Drive | Ghana | Heater | Kazakhstan | Leather Seats | Low Mileage | Mazda | Navigation | Oceania | Petrol | Power Door Locks | Power Steering | Power Window | R6 | Rain Sensing Wiper | Rear Spoiler | SUV | Tachometer | Touchscreen Display | Traction Control | United Arab Emirates | United Kingdom | Used | Vanity Mirror | Windows - Electric | Zimbabwe"
"7279","Ford Explorer 7-Seater 2000cc","ford-explorer-7-seater-2000cc","publish","2025-01-03 06:59:14","7100","2016","82503","111","47","ask for it","a:1:{i:0;i:50;}","147","2000 cc","494",NULL,"41",NULL,"a:7:{i:7254;s:85:\"https://zafautosjapan.com/wp-content/uploads/2026/01/Screenshot-2025-11-22-101351.png\";i:7255;s:85:\"https://zafautosjapan.com/wp-content/uploads/2026/01/Screenshot-2025-11-22-101402.png\";i:7256;s:85:\"https://zafautosjapan.com/wp-content/uploads/2026/01/Screenshot-2025-11-22-101409.png\";i:7257;s:85:\"https://zafautosjapan.com/wp-content/uploads/2026/01/Screenshot-2025-11-22-101416.png\";i:7258;s:85:\"https://zafautosjapan.com/wp-content/uploads/2026/01/Screenshot-2025-11-22-101426.png\";i:7259;s:85:\"https://zafautosjapan.com/wp-content/uploads/2026/01/Screenshot-2025-11-22-101434.png\";i:7260;s:85:\"https://zafautosjapan.com/wp-content/uploads/2026/01/Screenshot-2025-11-22-101445.png\";}","4 | 5 Doors | Air Conditioner | Airbag | All-Wheel Drive (AWD/4WD) | Alloy Wheels | Apple CarPlay | Automatic | Black | Bluetooth | Brake Assist | Car | Digital Odometer | Driver Air Bag | Explorer | Fog Lights Front | Ford | Heater | Hot Deals | Leather Seats | Navigation | Petrol | Power Door Locks | Power Steering | Power Window | Rear Spoiler | Sale | SUV | Tachometer | Television system | Touchscreen Display | Traction Control | Used | Vanity Mirror | Windows - Electric"
"7217","Toyota Voxy 8 seater","toyota-voxy-8-seater","publish","2025-01-03 06:40:59","3320","2011","102520","111","47","ask for it","a:2:{i:0;i:430;i:1;i:154;}","147","2000 cc","494",NULL,"84",NULL,"a:6:{i:7225;s:87:\"https://zafautosjapan.com/wp-content/uploads/2026/01/Screenshot-2025-12-12-112005-1.png\";i:7226;s:87:\"https://zafautosjapan.com/wp-content/uploads/2026/01/Screenshot-2025-12-12-111958-1.png\";i:7227;s:87:\"https://zafautosjapan.com/wp-content/uploads/2026/01/Screenshot-2025-12-12-111953-1.png\";i:7228;s:87:\"https://zafautosjapan.com/wp-content/uploads/2026/01/Screenshot-2025-12-12-111947-1.png\";i:7229;s:87:\"https://zafautosjapan.com/wp-content/uploads/2026/01/Screenshot-2025-12-12-111941-1.png\";i:7230;s:87:\"https://zafautosjapan.com/wp-content/uploads/2026/01/Screenshot-2025-12-12-111934-1.png\";}","4 | 5 Doors | Air Conditioner | Airbag | Alloy Wheels | Anti-lock Braking | Automatic | Bluetooth | Brake Assist | Car | Child Safety Locks | Driver Air Bag | Fog Lights Front | Front-Wheel Drive | Great Price | Heater | MPV | Navigation | Pearl | Petrol | Power Door Locks | Power Window | Rear Spoiler | Television system | Touchscreen Display | Toyota | Traction Control | Used | Vanity Mirror | Voxy | White | Windows - Electric"
"7111","Audi S5 Sportback","audi-s5-sportback","publish","2025-01-02 07:02:48","23500","2018","57800","111","69","ask for it","a:2:{i:0;i:50;i:1;i:430;}","147","3000 CC","28",NULL,"41","Yokohama port, Japan","a:10:{i:7112;s:66:\"https://zafautosjapan.com/wp-content/uploads/2026/01/38083_02.jpeg\";i:7121;s:66:\"https://zafautosjapan.com/wp-content/uploads/2026/01/38083_13.jpeg\";i:7120;s:66:\"https://zafautosjapan.com/wp-content/uploads/2026/01/38083_12.jpeg\";i:7119;s:66:\"https://zafautosjapan.com/wp-content/uploads/2026/01/38083_11.jpeg\";i:7118;s:66:\"https://zafautosjapan.com/wp-content/uploads/2026/01/38083_10.jpeg\";i:7117;s:66:\"https://zafautosjapan.com/wp-content/uploads/2026/01/38083_07.jpeg\";i:7116;s:66:\"https://zafautosjapan.com/wp-content/uploads/2026/01/38083_06.jpeg\";i:7115;s:66:\"https://zafautosjapan.com/wp-content/uploads/2026/01/38083_05.jpeg\";i:7114;s:66:\"https://zafautosjapan.com/wp-content/uploads/2026/01/38083_04.jpeg\";i:7113;s:66:\"https://zafautosjapan.com/wp-content/uploads/2026/01/38083_03.jpeg\";}","4 Doors | Air Conditioner | Airbag | All-Wheel Drive (AWD/4WD) | Alloy Wheels | Anti-lock Braking | Asia | Audi | Best Sellers | Black | Bluetooth | Brake Assist | Car | Child Safety Locks | CVT | Digital Odometer | Driver Air Bag | Fog Lights Front | Great Price | Heater | Leather Seats | Navigation | Oceania | Pearl | Petrol | Power Door Locks | Power Steering | Power Window | Premium Cars | Rain Sensing Wiper | Rear Spoiler | S5 | Sedan | Stability Control | Tachometer | Touchscreen Display | Traction Control | United Arab Emirates | United Kingdom | Used | Vanity Mirror | Windows - Electric"
"7100","LEXUS LX　ＬＸ６００ EXCUTIVE","lexus-lx%e3%80%80%ef%bd%8c%ef%bd%98%ef%bc%96%ef%bc%90%ef%bc%90-excutive","publish","2025-01-02 06:51:42","Ask Price","2023","11521","111","47","ask for it","a:2:{i:0;i:430;i:1;i:154;}","147","3500 cc","28",NULL,"41","Japan","a:9:{i:7101;s:69:\"https://zafautosjapan.com/wp-content/uploads/2026/01/24090069_01.jpeg\";i:7103;s:69:\"https://zafautosjapan.com/wp-content/uploads/2026/01/24090069_03.jpeg\";i:7104;s:69:\"https://zafautosjapan.com/wp-content/uploads/2026/01/24090069_04.jpeg\";i:7105;s:69:\"https://zafautosjapan.com/wp-content/uploads/2026/01/24090069_05.jpeg\";i:7106;s:69:\"https://zafautosjapan.com/wp-content/uploads/2026/01/24090069_06.jpeg\";i:7107;s:69:\"https://zafautosjapan.com/wp-content/uploads/2026/01/24090069_07.jpeg\";i:7108;s:69:\"https://zafautosjapan.com/wp-content/uploads/2026/01/24090069_08.jpeg\";i:7102;s:69:\"https://zafautosjapan.com/wp-content/uploads/2026/01/24090069_02.jpeg\";i:7109;s:69:\"https://zafautosjapan.com/wp-content/uploads/2026/01/24090069_09.jpeg\";}","4 Doors | Air Conditioner | Airbag | All-Wheel Drive (AWD/4WD) | Alloy Wheels | Android Auto | Anti-lock Braking | Apple CarPlay | Asia | Automatic | Bluetooth | Brake Assist | Car | Child Safety Locks | Digital Odometer | Driver Air Bag | Europe | Fog Lights Front | Great Price | Heater | HomeLink | Leather Seats | Lexus | Low Mileage Cars | LX 600 | Navigation | Pakistan | Panoramic Moonroof | Pearl | Petrol | Power Door Locks | Power Steering | Power Window | Rain Sensing Wiper | Rear Spoiler | Stability Control | SUV | Tachometer | Television system | Touchscreen Display | Traction Control | United Arab Emirates | United Kingdom | Used | Vanity Mirror | White | Windows - Electric"
"7088","LEXUS LX　ＬＸ６００　４ＷＤ","lexus-lx%e3%80%80%ef%bd%8c%ef%bd%98%ef%bc%96%ef%bc%90%ef%bc%90%e3%80%80%ef%bc%94%ef%bd%97%ef%bd%84","publish","2025-01-02 06:41:20","94250.79","2024","5210","72","47","ask for it","a:2:{i:0;i:50;i:1;i:430;}","106","3500 cc","28","7","41","Tokyo ,Japan","a:10:{i:7089;s:66:\"https://zafautosjapan.com/wp-content/uploads/2026/01/04113_02.jpeg\";i:7090;s:66:\"https://zafautosjapan.com/wp-content/uploads/2026/01/04113_03.jpeg\";i:7091;s:66:\"https://zafautosjapan.com/wp-content/uploads/2026/01/04113_04.jpeg\";i:7092;s:66:\"https://zafautosjapan.com/wp-content/uploads/2026/01/04113_05.jpeg\";i:7093;s:66:\"https://zafautosjapan.com/wp-content/uploads/2026/01/04113_06.jpeg\";i:7094;s:66:\"https://zafautosjapan.com/wp-content/uploads/2026/01/04113_07.jpeg\";i:7095;s:66:\"https://zafautosjapan.com/wp-content/uploads/2026/01/04113_08.jpeg\";i:7096;s:66:\"https://zafautosjapan.com/wp-content/uploads/2026/01/04113_09.jpeg\";i:7097;s:66:\"https://zafautosjapan.com/wp-content/uploads/2026/01/04113_10.jpeg\";i:7098;s:66:\"https://zafautosjapan.com/wp-content/uploads/2026/01/04113_11.jpeg\";}","4 Doors | Air Conditioner | Airbag | All-Wheel Drive (AWD/4WD) | Alloy Wheels | Android Auto | Anti-lock Braking | Apple CarPlay | Automatic | Black | Bluetooth | Brake Assist | Car | Child Safety Locks | Diesel | Digital Odometer | Driver Air Bag | Fog Lights Front | Ghana | Heater | HomeLink | Leather Seats | Lexus | Low Mileage | Low Mileage Cars | LX 600 | Navigation | New | Pakistan | Panoramic Moonroof | Pearl | Power Door Locks | Power Steering | Power Window | Rain Sensing Wiper | Rear Spoiler | South Africa | Stability Control | SUV | Tachometer | Television system | Touchscreen Display | Traction Control | United Arab Emirates | United Kingdom | Vanity Mirror | Windows - Electric"
"7077","LEXUS RX Hybrid　ＲＸ４５０ｈ","lexus-rx-hybrid%e3%80%80%ef%bd%92%ef%bd%98%ef%bc%94%ef%bc%95%ef%bc%90%ef%bd%88","publish","2026-01-02 06:34:21","19500","2019","185397","111","47","ask for it","a:1:{i:0;i:430;}","147","3500 cc","28",NULL,"84",NULL,"a:10:{i:7078;s:66:\"https://zafautosjapan.com/wp-content/uploads/2026/01/30239_02.jpeg\";i:7079;s:66:\"https://zafautosjapan.com/wp-content/uploads/2026/01/30239_03.jpeg\";i:7080;s:66:\"https://zafautosjapan.com/wp-content/uploads/2026/01/30239_04.jpeg\";i:7081;s:66:\"https://zafautosjapan.com/wp-content/uploads/2026/01/30239_05.jpeg\";i:7082;s:66:\"https://zafautosjapan.com/wp-content/uploads/2026/01/30239_06.jpeg\";i:7083;s:66:\"https://zafautosjapan.com/wp-content/uploads/2026/01/30239_07.jpeg\";i:7084;s:66:\"https://zafautosjapan.com/wp-content/uploads/2026/01/30239_08.jpeg\";i:7085;s:66:\"https://zafautosjapan.com/wp-content/uploads/2026/01/30239_09.jpeg\";i:7087;s:66:\"https://zafautosjapan.com/wp-content/uploads/2026/01/30239_11.jpeg\";i:7086;s:66:\"https://zafautosjapan.com/wp-content/uploads/2026/01/30239_10.jpeg\";}","4 Doors | 6 | Air Conditioner | Airbag | Alloy Wheels | Anti-lock Braking | Asia | Automatic | Bluetooth | Brake Assist | Car | Child Safety Locks | Digital Odometer | Driver Air Bag | Fog Lights Front | Front-Wheel Drive | Heater | Leather Seats | Lexus | Low Mileage | Pearl | Petrol | Power Door Locks | Power Window | Premium Cars | Rain Sensing Wiper | Rear Spoiler | RX | SUV | Touchscreen Display | Traction Control | United Arab Emirates | Used | Windows - Electric"
"7066","LEXUS ＬＸ５７０ ４ＷＤ","lexus-%ef%bd%8c%ef%bd%98%ef%bc%95%ef%bc%97%ef%bc%90-%ef%bc%94%ef%bd%97%ef%bd%84","publish","2025-01-02 06:18:06","61250","2021","41203","111","47","ask for it","a:2:{i:0;i:430;i:1;i:154;}","147","5700 CC","28",NULL,"41",NULL,NULL,"4 | 4 Doors | All-Wheel Drive (AWD/4WD) | Asia | Audi | Automatic | Cambodia | Car | Deal | Ghana | Pakistan | Pearl | Petrol | Premium Cars | R6 | SUV | United Arab Emirates | United Kingdom | Used | White"
"7050","TOYOTA VOXY　ＺＳ＿Ｇｓ","toyota-voxy%e3%80%80%ef%bd%9a%ef%bd%93%ef%bc%bf%ef%bd%87%ef%bd%93","publish","2025-01-02 05:49:05","8800","2017","123499","111","47","ask for it","a:1:{i:0;i:154;}","147","2000 cc","28",NULL,"84","Nagoya Port, Japan","a:14:{i:7052;s:69:\"https://zafautosjapan.com/wp-content/uploads/2026/01/36166730_02.jpeg\";i:7051;s:69:\"https://zafautosjapan.com/wp-content/uploads/2026/01/36166730_01.jpeg\";i:7053;s:69:\"https://zafautosjapan.com/wp-content/uploads/2026/01/36166730_03.jpeg\";i:7054;s:69:\"https://zafautosjapan.com/wp-content/uploads/2026/01/36166730_04.jpeg\";i:7049;s:69:\"https://zafautosjapan.com/wp-content/uploads/2026/01/10380003_23.jpeg\";i:7055;s:69:\"https://zafautosjapan.com/wp-content/uploads/2026/01/36166730_07.jpeg\";i:7056;s:69:\"https://zafautosjapan.com/wp-content/uploads/2026/01/36166730_09.jpeg\";i:7057;s:69:\"https://zafautosjapan.com/wp-content/uploads/2026/01/36166730_10.jpeg\";i:7063;s:69:\"https://zafautosjapan.com/wp-content/uploads/2026/01/36166730_20.jpeg\";i:7062;s:69:\"https://zafautosjapan.com/wp-content/uploads/2026/01/36166730_18.jpeg\";i:7061;s:69:\"https://zafautosjapan.com/wp-content/uploads/2026/01/36166730_15.jpeg\";i:7060;s:69:\"https://zafautosjapan.com/wp-content/uploads/2026/01/36166730_14.jpeg\";i:7059;s:69:\"https://zafautosjapan.com/wp-content/uploads/2026/01/36166730_13.jpeg\";i:7058;s:69:\"https://zafautosjapan.com/wp-content/uploads/2026/01/36166730_11.jpeg\";}","4 | 4 Doors | Africa | Air Conditioner | Airbag | Alloy Wheels | Anti-lock Braking | Automatic | Best Sellers | Bluetooth | Brake Assist | Car | Driver Air Bag | Europe | Fog Lights Front | Front-Wheel Drive | Ghana | Great Price | Heater | HomeLink | Leather Seats | Navigation | Oceania | Petrol | Power Steering | Power Window | Rain Sensing Wiper | Rear Spoiler | Television system | Touchscreen Display | Toyota | Traction Control | United Kingdom | Used | Van | Vanity Mirror | Voxy | White | Windows - Electric"
"7033","Volkswagen GOLF R","volkswagen-golf-r","publish","2025-01-02 05:39:25","9200","2014","92999","111","47","ask for it","a:1:{i:0;i:154;}","147","2000 cc","28",NULL,"84","Yokohama port, Japan","a:15:{i:7034;s:69:\"https://zafautosjapan.com/wp-content/uploads/2026/01/10380003_01.jpeg\";i:7035;s:69:\"https://zafautosjapan.com/wp-content/uploads/2026/01/10380003_02.jpeg\";i:7036;s:69:\"https://zafautosjapan.com/wp-content/uploads/2026/01/10380003_03.jpeg\";i:7037;s:69:\"https://zafautosjapan.com/wp-content/uploads/2026/01/10380003_04.jpeg\";i:7038;s:69:\"https://zafautosjapan.com/wp-content/uploads/2026/01/10380003_05.jpeg\";i:7039;s:69:\"https://zafautosjapan.com/wp-content/uploads/2026/01/10380003_06.jpeg\";i:7040;s:69:\"https://zafautosjapan.com/wp-content/uploads/2026/01/10380003_08.jpeg\";i:7045;s:69:\"https://zafautosjapan.com/wp-content/uploads/2026/01/10380003_14.jpeg\";i:7044;s:69:\"https://zafautosjapan.com/wp-content/uploads/2026/01/10380003_13.jpeg\";i:7043;s:69:\"https://zafautosjapan.com/wp-content/uploads/2026/01/10380003_11.jpeg\";i:7042;s:69:\"https://zafautosjapan.com/wp-content/uploads/2026/01/10380003_10.jpeg\";i:7041;s:69:\"https://zafautosjapan.com/wp-content/uploads/2026/01/10380003_09.jpeg\";i:7046;s:69:\"https://zafautosjapan.com/wp-content/uploads/2026/01/10380003_15.jpeg\";i:7047;s:69:\"https://zafautosjapan.com/wp-content/uploads/2026/01/10380003_18.jpeg\";i:7048;s:69:\"https://zafautosjapan.com/wp-content/uploads/2026/01/10380003_21.jpeg\";}","4 | 4 Doors | Air Conditioner | Airbag | Alloy Wheels | Automatic | Bluetooth | Brake Assist | Car | Child Safety Locks | Driver Air Bag | Europe | Fog Lights Front | Front-Wheel Drive | GOLF R | Great Price | Hatchback | Heater | Navigation | Petrol | Power Door Locks | Power Steering | Power Window | Premium Cars | Rain Sensing Wiper | Stability Control | Tachometer | Television system | Touchscreen Display | Traction Control | United Kingdom | Used | Vanity Mirror | Volkswagen | White | Windows - Electric"
"7016","Mercedes-Benz S Class Hybrid　Ｓ５００　４MATIC　ＡＭＧライン","mercedes-benz-s-class-hybrid%e3%80%80%ef%bd%93%ef%bc%95%ef%bc%90%ef%bc%90%e3%80%80%ef%bc%94matic%e3%80%80%ef%bd%81%ef%bd%8d%ef%bd%87%e3%83%a9%e3%82%a4%e3%83%b3","publish","2025-01-02 05:22:53","56480","2021","18598","111","47","ask for it","a:2:{i:0;i:430;i:1;i:154;}","147","3000 CC","28","4","41","Tokyo ,Japan","a:16:{i:7017;s:66:\"https://zafautosjapan.com/wp-content/uploads/2026/01/00270801.jpeg\";i:7018;s:66:\"https://zafautosjapan.com/wp-content/uploads/2026/01/00270802.jpeg\";i:7019;s:66:\"https://zafautosjapan.com/wp-content/uploads/2026/01/00270803.jpeg\";i:7020;s:66:\"https://zafautosjapan.com/wp-content/uploads/2026/01/00270804.jpeg\";i:7021;s:66:\"https://zafautosjapan.com/wp-content/uploads/2026/01/00270805.jpeg\";i:7022;s:66:\"https://zafautosjapan.com/wp-content/uploads/2026/01/00270806.jpeg\";i:7023;s:66:\"https://zafautosjapan.com/wp-content/uploads/2026/01/00270807.jpeg\";i:7030;s:66:\"https://zafautosjapan.com/wp-content/uploads/2026/01/00270815.jpeg\";i:7031;s:66:\"https://zafautosjapan.com/wp-content/uploads/2026/01/00270818.jpeg\";i:7029;s:66:\"https://zafautosjapan.com/wp-content/uploads/2026/01/00270813.jpeg\";i:7028;s:66:\"https://zafautosjapan.com/wp-content/uploads/2026/01/00270812.jpeg\";i:7027;s:66:\"https://zafautosjapan.com/wp-content/uploads/2026/01/00270811.jpeg\";i:7026;s:66:\"https://zafautosjapan.com/wp-content/uploads/2026/01/00270810.jpeg\";i:7025;s:66:\"https://zafautosjapan.com/wp-content/uploads/2026/01/00270809.jpeg\";i:7032;s:66:\"https://zafautosjapan.com/wp-content/uploads/2026/01/00270821.jpeg\";i:7024;s:66:\"https://zafautosjapan.com/wp-content/uploads/2026/01/00270808.jpeg\";}","4 Doors | Air Conditioner | Airbag | All-Wheel Drive (AWD/4WD) | Alloy Wheels | Anti-lock Braking | Apple CarPlay | Argentina | Asia | Australia | Austria | Automatic | Belgium | Bluetooth | Brake Assist | Canada | Car | Child Safety Locks | Chile | Costa Rica | Cyprus | Digital Odometer | Driver Air Bag | Europe | Fog Lights Front | Germany | Heater | Hong Kong | Leather Seats | Mercedes Benz | Navigation | New Zealand | Oceania | Panoramic Moonroof | Pearl | Petrol | Power Door Locks | Power Steering | Power Window | Premium Cars | Rain Sensing Wiper | S-Class | Sedan | Stability Control | Tachometer | Television system | Touchscreen Display | Traction Control | United Kingdom | Used | Vanity Mirror | White | Windows - Electric"
"7007","Toyota Vitz","toyota-vitz","publish","2025-01-02 05:05:15","2350","2014","60525",NULL,"47","ask for it","a:1:{i:0;i:50;}","147","1300 cc",NULL,NULL,"84",NULL,"a:7:{i:7008;s:66:\"https://zafautosjapan.com/wp-content/uploads/2026/01/10069_02.jpeg\";i:7009;s:66:\"https://zafautosjapan.com/wp-content/uploads/2026/01/10069_03.jpeg\";i:7010;s:66:\"https://zafautosjapan.com/wp-content/uploads/2026/01/10069_04.jpeg\";i:7011;s:66:\"https://zafautosjapan.com/wp-content/uploads/2026/01/10069_05.jpeg\";i:7012;s:66:\"https://zafautosjapan.com/wp-content/uploads/2026/01/10069_06.jpeg\";i:7013;s:66:\"https://zafautosjapan.com/wp-content/uploads/2026/01/10069_07.jpeg\";i:7014;s:66:\"https://zafautosjapan.com/wp-content/uploads/2026/01/10069_08.jpeg\";}","4 | Air Conditioner | Airbag | Automatic | Black | Bluetooth | Cambodia | Car | Driver Air Bag | Front-Wheel Drive | Ghana | Great Price | Hatchback | Heater | Navigation | Power Door Locks | Power Steering | Power Window | Premium Cars | South Africa | Toyota | United Arab Emirates | Used | Vitz | Windows - Electric"
"6977","Toyota Voxy ZS","toyota-voxy-zs-2","publish","2025-01-01 05:21:07","2422.30","2008","78500","111","47","ask for it","a:2:{i:0;i:430;i:1;i:154;}","147","2000 cc",NULL,NULL,"84","Tokyo ,Japan",NULL,"Air Conditioner | Airbag | Alloy Wheels | Asia | Automatic | Best Sellers | Bluetooth | Car | Child Safety Locks | Driver Air Bag | Fog Lights Front | Front-Wheel Drive | Ghana | Great Price | Heater | Kenya | Navigation | Pearl | Petrol | Power Door Locks | Power Steering | Power Window | Rear Spoiler | South Africa | Television system | Touchscreen Display | Toyota | Traction Control | Used | Van | Vanity Mirror | Voxy | White | Windows - Electric"
"6969","Toyota Voxy ZS","toyota-voxy-zs","publish","2025-01-01 04:52:15","400,000 Yen","2013","84499","111","47","ask for it","a:2:{i:0;i:430;i:1;i:154;}","147","2000 cc","28",NULL,"41","Japan",NULL,"4 | 4 Doors | Air Conditioner | Airbag | All-Wheel Drive (AWD/4WD) | Alloy Wheels | Asia | Automatic | Best Sellers | Bluetooth | Car | Driver Air Bag | Fog Lights Front | Ghana | Navigation | Pearl | Petrol | Power Door Locks | Power Steering | Power Window | Rear Spoiler | Sale | Television system | Touchscreen Display | Toyota | Traction Control | United Arab Emirates | United Kingdom | Used | Van | Vanity Mirror | Voxy | White"
"6854","Nissan Bluebird 810 series","nissan-bluebird-810-series","publish","2025-12-22 14:47:35","10437.15","53","109","432","103","P811-025277","a:1:{i:0;i:456;}","147","1800cc","28",NULL,"84",NULL,"a:9:{i:6863;s:68:\"https://zafautosjapan.com/wp-content/uploads/2025/12/1J42460001r.jpg\";i:6862;s:68:\"https://zafautosjapan.com/wp-content/uploads/2025/12/1J42460001f.jpg\";i:6861;s:68:\"https://zafautosjapan.com/wp-content/uploads/2025/12/1J42460001z.jpg\";i:6860;s:68:\"https://zafautosjapan.com/wp-content/uploads/2025/12/1J42460001i.jpg\";i:6859;s:68:\"https://zafautosjapan.com/wp-content/uploads/2025/12/1J42460001y.jpg\";i:6858;s:68:\"https://zafautosjapan.com/wp-content/uploads/2025/12/1J42460001w.jpg\";i:6857;s:68:\"https://zafautosjapan.com/wp-content/uploads/2025/12/1J42460001v.jpg\";i:6856;s:68:\"https://zafautosjapan.com/wp-content/uploads/2025/12/1J42460001u.jpg\";i:6855;s:68:\"https://zafautosjapan.com/wp-content/uploads/2025/12/1J42460001t.jpg\";}","4 | 4 Doors | Asia | Australia | Best Sellers | Canada | Car | E-P811 | Europe | Front-Wheel Drive | Gas | Green | Japan | Low Mileage | Low Mileage Cars | Manual | Most Affordable | Nissan | Oceania | Pakistan | Premium Cars | Sedan | United Kingdom | Used"
"6831","Toyota 2000GT","toyota-2000gt","publish","2025-12-22 05:16:35","23494.30","50","68","432","103","046955","a:1:{i:0;i:130;}","147","2000cc","28",NULL,"84",NULL,"a:11:{i:6841;s:65:\"https://zafautosjapan.com/wp-content/uploads/2025/12/cars01-5.jpg\";i:6840;s:65:\"https://zafautosjapan.com/wp-content/uploads/2025/12/cars02-5.jpg\";i:6839;s:65:\"https://zafautosjapan.com/wp-content/uploads/2025/12/cars03-5.jpg\";i:6838;s:65:\"https://zafautosjapan.com/wp-content/uploads/2025/12/cars04-5.jpg\";i:6837;s:65:\"https://zafautosjapan.com/wp-content/uploads/2025/12/cars05-5.jpg\";i:6836;s:65:\"https://zafautosjapan.com/wp-content/uploads/2025/12/cars06-5.jpg\";i:6835;s:65:\"https://zafautosjapan.com/wp-content/uploads/2025/12/cars08-5.jpg\";i:6834;s:65:\"https://zafautosjapan.com/wp-content/uploads/2025/12/cars07-5.jpg\";i:6833;s:65:\"https://zafautosjapan.com/wp-content/uploads/2025/12/cars09-5.jpg\";i:6832;s:65:\"https://zafautosjapan.com/wp-content/uploads/2025/12/cars10-5.jpg\";i:6829;s:65:\"https://zafautosjapan.com/wp-content/uploads/2025/12/cars02-4.jpg\";}","4 Doors | Asia | Australia | Canada | Car | Coupe | Europe | Front-Wheel Drive | Gas | Great Price | Japan | Low Mileage Cars | Manual | Most Affordable | Oceania | Pakistan | Power Window | Premium Cars | R6 | Silver | Toyota | United Kingdom | Used"
"6807","BMW  1 Series","bmw-1-series","publish","2025-12-21 10:34:38","16763.50","7","3","432","450","WBA82GE0407R60859","a:1:{i:0;i:451;}","147","1500cc","28","5","84",NULL,"a:10:{i:6818;s:65:\"https://zafautosjapan.com/wp-content/uploads/2025/12/cars03-3.jpg\";i:6817;s:65:\"https://zafautosjapan.com/wp-content/uploads/2025/12/cars02-3.jpg\";i:6815;s:65:\"https://zafautosjapan.com/wp-content/uploads/2025/12/cars06-3.jpg\";i:6814;s:65:\"https://zafautosjapan.com/wp-content/uploads/2025/12/cars05-3.jpg\";i:6813;s:65:\"https://zafautosjapan.com/wp-content/uploads/2025/12/cars04-3.jpg\";i:6812;s:65:\"https://zafautosjapan.com/wp-content/uploads/2025/12/cars08-3.jpg\";i:6811;s:65:\"https://zafautosjapan.com/wp-content/uploads/2025/12/cars07-3.jpg\";i:6808;s:65:\"https://zafautosjapan.com/wp-content/uploads/2025/12/cars09-3.jpg\";i:6809;s:65:\"https://zafautosjapan.com/wp-content/uploads/2025/12/cars10-3.jpg\";i:6810;s:65:\"https://zafautosjapan.com/wp-content/uploads/2025/12/cars11-2.jpg\";}","3AA-82GE15 | 4 Doors | Air Conditioner | Airbag | Alloy Wheels | Anti-lock Braking | Asia | Australia | BMW | Canada | Car | Europe | FA7 | Front-Wheel Drive | Gas | Great Price | Hatchback | Hot Offer | Japan | Low Mileage Cars | Navigation | New Arrivals | Oceania | Pakistan | Power Steering | Power Window | Premium Cars | Purple | United Kingdom | Used"
"6794","Honda N-BOX","honda-n-box","publish","2025-12-21 10:01:31","6349.81","7","0","432","47",NULL,"a:1:{i:0;i:50;}","106","660cc","28","4","84",NULL,"a:9:{i:6804;s:65:\"https://zafautosjapan.com/wp-content/uploads/2025/12/cars02-2.jpg\";i:6803;s:65:\"https://zafautosjapan.com/wp-content/uploads/2025/12/cars01-2.jpg\";i:6802;s:65:\"https://zafautosjapan.com/wp-content/uploads/2025/12/cars03-2.jpg\";i:6800;s:65:\"https://zafautosjapan.com/wp-content/uploads/2025/12/cars04-2.jpg\";i:6799;s:65:\"https://zafautosjapan.com/wp-content/uploads/2025/12/cars07-2.jpg\";i:6798;s:65:\"https://zafautosjapan.com/wp-content/uploads/2025/12/cars06-2.jpg\";i:6797;s:65:\"https://zafautosjapan.com/wp-content/uploads/2025/12/cars10-2.jpg\";i:6796;s:65:\"https://zafautosjapan.com/wp-content/uploads/2025/12/cars09-2.jpg\";i:6795;s:65:\"https://zafautosjapan.com/wp-content/uploads/2025/12/cars08-2.jpg\";}","4 Doors | Airbag | Asia | Australia | Automatic | Black | Canada | Car | Europe | Front-Wheel Drive | Gas | Great Price | Honda | Japan | JF5 | Low Mileage Cars | Most Affordable | New | Oceania | Pakistan | Power Steering | Power Window | Premium Cars | Tall Wagon | United Kingdom"
"6787","Freed Hybrid","freed-hybrid","publish","2025-12-21 09:41:40","6349.81","7","8","78","47",NULL,"a:1:{i:0;i:51;}","147","1500cc","28",NULL,"84",NULL,"a:5:{i:6793;s:64:\"https://zafautosjapan.com/wp-content/uploads/2025/12/cars4-4.jpg\";i:6791;s:61:\"https://zafautosjapan.com/wp-content/uploads/2025/12/caro.jpg\";i:6790;s:64:\"https://zafautosjapan.com/wp-content/uploads/2025/12/cars6-3.jpg\";i:6789;s:64:\"https://zafautosjapan.com/wp-content/uploads/2025/12/cars5-5.jpg\";i:6788;s:64:\"https://zafautosjapan.com/wp-content/uploads/2025/12/cars2-6.jpg\";}","4 Doors | Asia | Austria | Automatic | Blue | Canada | Car | Electric | Europe | Front-Wheel Drive | GT5 | Honda | Japan | Low Mileage Cars | Most Affordable | Oceania | Pakistan | Premium Cars | Sale | United Kingdom | Used"
"6766","Clipper Van","clipper-van","publish","2025-12-21 09:25:47","1650.95","7","58",NULL,"47","0411633","a:1:{i:0;i:154;}","147","660cc","28",NULL,"84",NULL,"a:6:{i:6780;s:64:\"https://zafautosjapan.com/wp-content/uploads/2025/12/cars5-4.jpg\";i:6781;s:64:\"https://zafautosjapan.com/wp-content/uploads/2025/12/cars6-2.jpg\";i:6782;s:64:\"https://zafautosjapan.com/wp-content/uploads/2025/12/cars2-5.jpg\";i:6783;s:64:\"https://zafautosjapan.com/wp-content/uploads/2025/12/cars4-3.jpg\";i:6784;s:64:\"https://zafautosjapan.com/wp-content/uploads/2025/12/cars1-4.jpg\";i:6785;s:64:\"https://zafautosjapan.com/wp-content/uploads/2025/12/cars3-3.jpg\";}","4 Doors | Air Conditioner | Asia | Audi | Australia | Automatic | Canada | Car | Convertible | Europe | Front-Wheel Drive | Great Price | Japan | Most Affordable | New Arrivals | Oceania | Pakistan | Power Steering | Premium Cars | R6 | Sell | United Kingdom | Used | White"
"6754","Corolla Hybrid Double B","corolla-hybrid-double-b","publish","2025-12-21 05:40:36","14795.06","2006","13","432","69","ZWE219-0043244","a:1:{i:0;i:50;}","147","1797cc","28",NULL,"122",NULL,"a:11:{i:6765;s:65:\"https://zafautosjapan.com/wp-content/uploads/2025/12/cars02-1.jpg\";i:6764;s:65:\"https://zafautosjapan.com/wp-content/uploads/2025/12/cars01-1.jpg\";i:6763;s:65:\"https://zafautosjapan.com/wp-content/uploads/2025/12/cars05-1.jpg\";i:6762;s:65:\"https://zafautosjapan.com/wp-content/uploads/2025/12/cars04-1.jpg\";i:6761;s:65:\"https://zafautosjapan.com/wp-content/uploads/2025/12/cars03-1.jpg\";i:6760;s:65:\"https://zafautosjapan.com/wp-content/uploads/2025/12/cars07-1.jpg\";i:6759;s:65:\"https://zafautosjapan.com/wp-content/uploads/2025/12/cars06-1.jpg\";i:6758;s:65:\"https://zafautosjapan.com/wp-content/uploads/2025/12/cars09-1.jpg\";i:6757;s:65:\"https://zafautosjapan.com/wp-content/uploads/2025/12/cars08-1.jpg\";i:6756;s:65:\"https://zafautosjapan.com/wp-content/uploads/2025/12/cars11-1.jpg\";i:6755;s:65:\"https://zafautosjapan.com/wp-content/uploads/2025/12/cars10-1.jpg\";}","4 Doors | 6AA-ZWE219 | Africa | Air Conditioner | Asia | Australia | Austria | Black | Cambodia | Cameroon | Canada | Car | Chad | CVT | Europe | Gas | Japan | Low Mileage Cars | Most Affordable | Navigation | New Arrivals | Oceania | Pakistan | Power Steering | Premium Cars | Rear-Wheel Drive | Sale | Sedan | Television system | Toyota | United Kingdom | Used | Windows - Electric"
"6735","Corolla","corolla-2","publish","2025-12-20 16:31:03","12382.13","6","29","95","437","ZWE219-0053924","a:1:{i:0;i:50;}","147","1800cc","28",NULL,"84",NULL,"a:11:{i:6753;s:63:\"https://zafautosjapan.com/wp-content/uploads/2025/12/cars02.jpg\";i:6752;s:63:\"https://zafautosjapan.com/wp-content/uploads/2025/12/cars01.jpg\";i:6751;s:63:\"https://zafautosjapan.com/wp-content/uploads/2025/12/cars04.jpg\";i:6750;s:63:\"https://zafautosjapan.com/wp-content/uploads/2025/12/cars03.jpg\";i:6749;s:63:\"https://zafautosjapan.com/wp-content/uploads/2025/12/cars05.jpg\";i:6748;s:63:\"https://zafautosjapan.com/wp-content/uploads/2025/12/cars09.jpg\";i:6747;s:63:\"https://zafautosjapan.com/wp-content/uploads/2025/12/cars08.jpg\";i:6746;s:63:\"https://zafautosjapan.com/wp-content/uploads/2025/12/cars07.jpg\";i:6745;s:63:\"https://zafautosjapan.com/wp-content/uploads/2025/12/cars06.jpg\";i:6743;s:63:\"https://zafautosjapan.com/wp-content/uploads/2025/12/cars10.jpg\";i:6744;s:63:\"https://zafautosjapan.com/wp-content/uploads/2025/12/cars11.jpg\";}","4 Doors | 6AA-ZWE219 | Air Conditioner | Alloy Wheels | Anti-lock Braking | Asia | Australia | Austria | Best Sellers | Black | Canada | Car | Convertible | Driver Air Bag | Europe | FAT | Front-Wheel Drive | Great Price | Hybrid | Japan | Leather Seats | Low Mileage Cars | Most Affordable | New Arrivals | Oceania | Pakistan | Power Door Locks | Power Steering | Premium Cars | Sell | Television system | Toyota | United Kingdom | Used | Windows - Electric"
"6732","Corolla","corolla","publish","2025-12-20 16:02:53","5079.85","6","3","432","103",NULL,"a:1:{i:0;i:430;}","147","1800cc","28",NULL,"84",NULL,"a:2:{i:6734;s:64:\"https://zafautosjapan.com/wp-content/uploads/2025/12/cars2-1.jpg\";i:6733;s:64:\"https://zafautosjapan.com/wp-content/uploads/2025/12/cars1-1.jpg\";}","4 Doors | Air Conditioner | Anti-lock Braking | Asia | Australia | Austria | Canada | Car | Driver Air Bag | Europe | Front-Wheel Drive | Gas | Great Price | Hybrid | Japan | Low Mileage Cars | Manual | Most Affordable | New Arrivals | Oceania | Pakistan | Pearl | Power Steering | Premium Cars | R6 | Sell | Toyota | United Kingdom | Used | Windows - Electric"
